pointID,prov,route,point,route.name,region,ecoregion,ecodistrict,protection,latitude,longitude,year.est,type,partner,NOTES
NB01-01,NB,1,1,Babbit's Meadow,Grand Lake,Grand Lake Lowlands,Aukpaque,,45.865563,-66.299138,2012,fresh,DUC,
NB01-02,NB,1,2,Babbit's Meadow,Grand Lake,Grand Lake Lowlands,Aukpaque,,45.862328,-66.304866,2012,fresh,DUC,
NB01-03,NB,1,3,Babbit's Meadow,Grand Lake,Grand Lake Lowlands,Aukpaque,,45.864742,-66.30837,2012,fresh,DUC,
NB01-04,NB,1,4,Babbit's Meadow,Grand Lake,Grand Lake Lowlands,Aukpaque,,45.867285,-66.302101,2012,fresh,DUC,
NB01-05,NB,1,5,Babbit's Meadow,Grand Lake,Grand Lake Lowlands,Aukpaque,,45.867397,-66.306863,2012,fresh,DUC,
NB01-06,NB,1,6,Babbit's Meadow,Grand Lake,Grand Lake Lowlands,Aukpaque,,45.867735,-66.29719,2012,fresh,DUC,
NB01-07,NB,1,7,Babbit's Meadow,Grand Lake,Grand Lake Lowlands,Aukpaque,,45.866942,-66.300484,2012,fresh,DUC,too close to NB01-04 (SM point in 2012)
NB02-01,NB,2,1,Back Lake East,Grand Lake,Grand Lake Lowlands,Grand Lake,,45.867499,-66.17223,2012,fresh,UNKN,
NB02-02,NB,2,2,Back Lake East,Grand Lake,Grand Lake Lowlands,Grand Lake,NB PNA,45.864476,-66.176622,2012,fresh,DUC,
NB02-03,NB,2,3,Back Lake East,Grand Lake,Grand Lake Lowlands,Grand Lake,NB PNA,45.859202,-66.180278,2012,fresh,DUC,
NB02-04,NB,2,4,Back Lake East,Grand Lake,Grand Lake Lowlands,Grand Lake,,45.850003,-66.17666,2012,fresh,UNKN,
NB02-05,NB,2,5,Back Lake East,Grand Lake,Grand Lake Lowlands,Grand Lake,,45.851707,-66.169901,2012,fresh,UNKN,
NB02-06,NB,2,6,Back Lake East,Grand Lake,Grand Lake Lowlands,Grand Lake,NB PNA,45.851246,-66.188344,2012,fresh,DUC,
NB02-07,NB,2,7,Back Lake East,Grand Lake,Grand Lake Lowlands,Grand Lake,NB PNA,45.859034,-66.188067,2012,fresh,DUC,
NB02-08,NB,2,8,Back Lake East,Grand Lake,Grand Lake Lowlands,Grand Lake,NB PNA,45.857279,-66.192793,2012,fresh,DUC,
NB03-01,NB,3,1,Back Lake West,Grand Lake,Grand Lake Lowlands,Grand Lake,,45.880034,-66.188438,2012,fresh,DUC,
NB03-02,NB,3,2,Back Lake West,Grand Lake,Grand Lake Lowlands,Grand Lake,,45.874402,-66.187833,2012,fresh,UNKN,
NB03-03,NB,3,3,Back Lake West,Grand Lake,Grand Lake Lowlands,Aukpaque,,45.877006,-66.191606,2012,fresh,DUC,
NB03-04,NB,3,4,Back Lake West,Grand Lake,Grand Lake Lowlands,Grand Lake,NB PNA,45.880232,-66.20049,2012,fresh,DUC,
NB03-05,NB,3,5,Back Lake West,Grand Lake,Grand Lake Lowlands,Grand Lake,NB PNA,45.877251,-66.200447,2012,fresh,DUC,
NB03-06,NB,3,6,Back Lake West,Grand Lake,Grand Lake Lowlands,Grand Lake,,45.870996,-66.197552,2012,fresh,DUC,
NB03-07,NB,3,7,Back Lake West,Grand Lake,Grand Lake Lowlands,Grand Lake,NB PNA,45.880202,-66.209551,2012,fresh,UNKN,
NB04-01,NB,4,1,Black Duck Marsh,Grand Lake,Grand Lake Lowlands,Aukpaque,,45.771109,-66.112078,2012,fresh,DUC,
NB04-02,NB,4,2,Black Duck Marsh,Grand Lake,Grand Lake Lowlands,Aukpaque,,45.76715,-66.109981,2012,fresh,DUC,
NB04-03,NB,4,3,Black Duck Marsh,Grand Lake,Grand Lake Lowlands,Aukpaque,,45.76573,-66.11223,2012,fresh,DUC,
NB04-04,NB,4,4,Black Duck Marsh,Grand Lake,Grand Lake Lowlands,Aukpaque,,45.76659,-66.11607,2012,fresh,DUC,
NB04-05,NB,4,5,Black Duck Marsh,Grand Lake,Grand Lake Lowlands,Aukpaque,,45.76853,-66.1185,2012,fresh,DUC,
NB04-06,NB,4,6,Black Duck Marsh,Grand Lake,Grand Lake Lowlands,Aukpaque,,45.77073,-66.11611,2012,fresh,DUC,
NB05-01,NB,5,1,Fredericton,Grand Lake,Grand Lake Lowlands,Aukpaque,,45.97652,-66.67634,2012,fresh,UNKN,
NB05-02,NB,5,2,Fredericton,Grand Lake,Grand Lake Lowlands,Aukpaque,,45.9744,-66.6748,2012,fresh,UNKN,
NB05-03,NB,5,3,Fredericton,Grand Lake,Grand Lake Lowlands,Aukpaque,,45.97456,-66.67377,2012,fresh,UNKN,
NB05-04,NB,5,4,Fredericton,Grand Lake,Grand Lake Lowlands,Aukpaque,,45.97527,-66.67027,2012,fresh,UNKN,
NB06-01,NB,6,1,French Lake,Grand Lake,Grand Lake Lowlands,Aukpaque,,45.769037,-66.552577,2012,fresh,UNKN,
NB06-02,NB,6,2,French Lake,Grand Lake,Grand Lake Lowlands,Aukpaque,,45.781968,-66.546994,2012,fresh,UNKN,
NB06-03,NB,6,3,French Lake,Grand Lake,Grand Lake Lowlands,Aukpaque,,45.785445,-66.545439,2012,fresh,UNKN,
NB06-04,NB,6,4,French Lake,Grand Lake,Grand Lake Lowlands,Aukpaque,,45.786932,-66.543045,2012,fresh,UNKN,
NB06-05,NB,6,5,French Lake,Grand Lake,Grand Lake Lowlands,Aukpaque,,45.78397,-66.525524,2012,fresh,UNKN,
NB06-06,NB,6,6,French Lake,Grand Lake,Grand Lake Lowlands,Aukpaque,,45.792824,-66.547019,2012,fresh,UNKN,
NB07-01,NB,7,1,Fulton Island,Grand Lake,Grand Lake Lowlands,Grand Lake,,45.902756,-66.24568,2012,fresh,UNKN,
NB07-02,NB,7,2,Fulton Island,Grand Lake,Grand Lake Lowlands,Grand Lake,,45.904848,-66.239517,2012,fresh,UNKN,
NB07-03,NB,7,3,Fulton Island,Grand Lake,Grand Lake Lowlands,Grand Lake,,45.901407,-66.220904,2012,fresh,UNKN,
NB08-01,NB,8,1,Gagetown 18,CFB Gagetown,Valley Lowlands,Yoho,,45.63203,-66.36007,2012,fresh,DUC,
NB08-02,NB,8,2,Gagetown 18,CFB Gagetown,Valley Lowlands,Yoho,,45.63362,-66.36264,2012,fresh,DUC,
NB08-03,NB,8,3,Gagetown 18,CFB Gagetown,Valley Lowlands,Yoho,,45.63429,-66.36936,2012,fresh,DUC,
NB08-04,NB,8,4,Gagetown 18,CFB Gagetown,Valley Lowlands,Yoho,,45.64847,-66.37013,2012,fresh,DUC,
NB09-01,NB,9,1,Gagetown 48,CFB Gagetown,Valley Lowlands,Yoho,,45.60949,-66.46502,2012,fresh,DUC,
NB09-02,NB,9,2,Gagetown 48,CFB Gagetown,Valley Lowlands,Yoho,,45.60575,-66.46733,2012,fresh,DUC,
NB09-03,NB,9,3,Gagetown 48,CFB Gagetown,Valley Lowlands,Yoho,,45.59878,-66.46417,2012,fresh,DUC,
NB10-01,NB,10,1,Gagetown 51,CFB Gagetown,Grand Lake Lowlands,Aukpaque,,45.69493,-66.48189,2012,fresh,UNKN,
NB10-02,NB,10,2,Gagetown 51,CFB Gagetown,Valley Lowlands,Yoho,,45.69112,-66.47427,2012,fresh,UNKN,
NB10-03,NB,10,3,Gagetown 51,CFB Gagetown,Valley Lowlands,Yoho,,45.68814,-66.48266,2012,fresh,UNKN,
NB10-04,NB,10,4,Gagetown 51,CFB Gagetown,Grand Lake Lowlands,Aukpaque,,45.68999,-66.49134,2012,fresh,UNKN,
NB10-05,NB,10,5,Gagetown 51,CFB Gagetown,Grand Lake Lowlands,Aukpaque,,45.67605,-66.49168,2012,fresh,DUC,
NB10-06,NB,10,6,Gagetown 51,CFB Gagetown,Grand Lake Lowlands,Aukpaque,,45.67593,-66.48873,2012,fresh,DUC,
NB10-07,NB,10,7,Gagetown 51,CFB Gagetown,Grand Lake Lowlands,Aukpaque,,45.67522,-66.49867,2012,fresh,DUC,
NB10-08,NB,10,8,Gagetown 51,CFB Gagetown,Grand Lake Lowlands,Aukpaque,,45.67784,-66.50142,2012,fresh,UNKN,
NB11-01,NB,11,1,Gagetown Island,Grand Lake,Grand Lake Lowlands,Aukpaque,,45.78188,-66.13976,2012,fresh,DUC,
NB11-02,NB,11,2,Gagetown Island,Grand Lake,Grand Lake Lowlands,Aukpaque,,45.789242,-66.142201,2012,fresh,DUC,
NB11-03,NB,11,3,Gagetown Island,Grand Lake,Grand Lake Lowlands,Aukpaque,,45.776039,-66.135814,2012,fresh,DUC,
NB11-04,NB,11,4,Gagetown Island,Grand Lake,Grand Lake Lowlands,Aukpaque,,45.784283,-66.132201,2012,fresh,DUC,
NB11-05,NB,11,5,Gagetown Island,Grand Lake,Grand Lake Lowlands,Aukpaque,,45.78728,-66.13346,2012,fresh,DUC,
NB11-06,NB,11,6,Gagetown Island,Grand Lake,Grand Lake Lowlands,Aukpaque,,45.78696,-66.12705,2012,fresh,DUC,
NB11-07,NB,11,7,Gagetown Island,Grand Lake,Grand Lake Lowlands,Aukpaque,,45.797707,-66.141639,2012,fresh,DUC,
NB12-01,NB,12,1,Gronegen Village,CFB Gagetown,Valley Lowlands,Yoho,,45.644512,-66.30715,2012,fresh,DUC,
NB12-02,NB,12,2,Gronegen Village,CFB Gagetown,Valley Lowlands,Yoho,,45.646792,-66.305694,2012,fresh,DUC,
NB12-03,NB,12,3,Gronegen Village,CFB Gagetown,Valley Lowlands,Yoho,,45.648394,-66.307607,2012,fresh,DUC,
NB12-04,NB,12,4,Gronegen Village,CFB Gagetown,Valley Lowlands,Yoho,,45.648062,-66.318698,2012,fresh,DUC,
NB12-05,NB,12,5,Gronegen Village,CFB Gagetown,Valley Lowlands,Yoho,,45.648653,-66.324317,2012,fresh,DUC,
NB12-06,NB,12,6,Gronegen Village,CFB Gagetown,Valley Lowlands,Yoho,,45.64924,-66.31827,2012,fresh,DUC,
NB12-07,NB,12,7,Gronegen Village,CFB Gagetown,Valley Lowlands,Yoho,,45.649699,-66.324382,2012,fresh,DUC,
NB12-08,NB,12,8,Gronegen Village,CFB Gagetown,Valley Lowlands,Yoho,,45.648029,-66.323807,2012,fresh,DUC,
NB13-01,NB,13,1,Holden Meadow,Grand Lake,Grand Lake Lowlands,Aukpaque,,45.821579,-66.52239,2014,fresh,DUC,
NB13-02,NB,13,2,Holden Meadow,Grand Lake,Grand Lake Lowlands,Aukpaque,,45.818674,-66.520595,2014,fresh,DUC,
NB13-03,NB,13,3,Holden Meadow,Grand Lake,Grand Lake Lowlands,Aukpaque,,45.815464,-66.514765,2014,fresh,DUC,
NB13-04,NB,13,4,Holden Meadow,Grand Lake,Grand Lake Lowlands,Aukpaque,,45.818624,-66.500831,2012,fresh,DUC,
NB13-05,NB,13,5,Holden Meadow,Grand Lake,Grand Lake Lowlands,Aukpaque,,45.814639,-66.505424,2012,fresh,DUC,
NB13-06,NB,13,6,Holden Meadow,Grand Lake,Grand Lake Lowlands,Aukpaque,,45.807353,-66.517204,2014,fresh,UNKN,
NB13-07,NB,13,7,Holden Meadow,Grand Lake,Grand Lake Lowlands,Aukpaque,,45.804005,-66.517198,2012,fresh,UNKN,
NB13-08,NB,13,8,Holden Meadow,Grand Lake,Grand Lake Lowlands,Aukpaque,,45.823653,-66.525877,2014,fresh,DUC,
NB13-09,NB,13,9,Holden Meadow,Grand Lake,Grand Lake Lowlands,Aukpaque,,45.817553,-66.506993,2012,fresh,DUC,
NB13-10,NB,13,10,Holden Meadow,Grand Lake,Grand Lake Lowlands,Aukpaque,,45.816939,-66.504416,2014,fresh,DUC,
NB13-11,NB,13,11,Holden Meadow,Grand Lake,Grand Lake Lowlands,Aukpaque,,45.808908,-66.504371,2014,fresh,UNKN,
NB13-12,NB,13,12,Holden Meadow,Grand Lake,Grand Lake Lowlands,Aukpaque,,45.816533,-66.54077,2014,fresh,UNKN,
NB13-13,NB,13,13,Holden Meadow,Grand Lake,Grand Lake Lowlands,Aukpaque,,45.814361,-66.528541,2014,fresh,UNKN,
NB14-01,NB,14,1,Jemseg North,Grand Lake,Grand Lake Lowlands,Aukpaque,NB PNA,45.828209,-66.118261,2012,fresh,DUC,
NB14-02,NB,14,2,Jemseg North,Grand Lake,Grand Lake Lowlands,Aukpaque,,45.83349,-66.124329,2012,fresh,DUC,
NB14-03,NB,14,3,Jemseg North,Grand Lake,Grand Lake Lowlands,Aukpaque,NB PNA,45.834155,-66.118577,2012,fresh,DUC,
NB14-04,NB,14,4,Jemseg North,Grand Lake,Grand Lake Lowlands,Aukpaque,,45.83943,-66.117184,2012,fresh,UNKN,
NB14-05,NB,14,5,Jemseg North,Grand Lake,Grand Lake Lowlands,Aukpaque,,45.841946,-66.129495,2012,fresh,UNKN,
NB14-06,NB,14,6,Jemseg North,Grand Lake,Grand Lake Lowlands,Aukpaque,NB PNA,45.838235,-66.134373,2012,fresh,DUC,
NB14-07,NB,14,7,Jemseg North,Grand Lake,Grand Lake Lowlands,Aukpaque,NB PNA,45.838728,-66.138237,2012,fresh,DUC,
NB15-01,NB,15,1,Jemseg South,Grand Lake,Grand Lake Lowlands,Aukpaque,,45.820314,-66.116189,2012,fresh,DUC,
NB15-02,NB,15,2,Jemseg South,Grand Lake,Grand Lake Lowlands,Aukpaque,NB PNA,45.817829,-66.113319,2012,fresh,DUC,
NB15-03,NB,15,3,Jemseg South,Grand Lake,Grand Lake Lowlands,Aukpaque,,45.816704,-66.108369,2012,fresh,DUC,
NB15-04,NB,15,4,Jemseg South,Grand Lake,Grand Lake Lowlands,Aukpaque,,45.812069,-66.113694,2012,fresh,UNKN,
NB15-05,NB,15,5,Jemseg South,Grand Lake,Grand Lake Lowlands,Aukpaque,NB PNA,45.808087,-66.109652,2012,fresh,DUC,
NB15-06,NB,15,6,Jemseg South,Grand Lake,Grand Lake Lowlands,Aukpaque,NB PNA,45.804564,-66.105613,2012,fresh,DUC,
NB15-07,NB,15,7,Jemseg South,Grand Lake,Grand Lake Lowlands,Aukpaque,,45.814333,-66.117799,2012,fresh,DUC,
NB16-01,NB,16,1,Maugerville,Grand Lake,Grand Lake Lowlands,Aukpaque,,45.889445,-66.448546,2012,fresh,UNKN,
NB16-02,NB,16,2,Maugerville,Grand Lake,Grand Lake Lowlands,Aukpaque,,45.885138,-66.45319,2012,fresh,DUC,
NB16-03,NB,16,3,Maugerville,Grand Lake,Grand Lake Lowlands,Aukpaque,,45.886042,-66.457363,2012,fresh,DUC,
NB17-01,NB,17,1,Morrow Meadow,Grand Lake,Grand Lake Lowlands,Aukpaque,,45.753526,-66.553307,2012,fresh,DUC,
NB17-02,NB,17,2,Morrow Meadow,Grand Lake,Grand Lake Lowlands,Aukpaque,,45.746927,-66.55285,2012,fresh,UNKN,
NB17-03,NB,17,3,Morrow Meadow,Grand Lake,Grand Lake Lowlands,Aukpaque,,45.730238,-66.553605,2012,fresh,DUC,
NB17-04,NB,17,4,Morrow Meadow,Grand Lake,Grand Lake Lowlands,Aukpaque,,45.733641,-66.550718,2012,fresh,UNKN,
NB17-05,NB,17,5,Morrow Meadow,Grand Lake,Grand Lake Lowlands,Aukpaque,,45.728931,-66.547673,2012,fresh,UNKN,
NB18-01,NB,18,1,Oromocto River,Grand Lake,Grand Lake Lowlands,Aukpaque,,45.778995,-66.543947,2012,fresh,DUC,
NB18-02,NB,18,2,Oromocto River,Grand Lake,Grand Lake Lowlands,Aukpaque,,45.764637,-66.553914,2012,fresh,UNKN,
NB18-03,NB,18,3,Oromocto River,Grand Lake,Grand Lake Lowlands,Aukpaque,,45.760807,-66.552037,2012,fresh,DUC,
NB18-04,NB,18,4,Oromocto River,Grand Lake,Grand Lake Lowlands,Aukpaque,,45.765845,-66.548974,2012,fresh,DUC,
NB18-05,NB,18,5,Oromocto River,Grand Lake,Grand Lake Lowlands,Aukpaque,,45.760093,-66.555643,2012,fresh,UNKN,
NB18-06,NB,18,6,Oromocto River,Grand Lake,Grand Lake Lowlands,Aukpaque,,45.75668,-66.562299,2012,fresh,UNKN,
NB18-07,NB,18,7,Oromocto River,Grand Lake,Grand Lake Lowlands,Aukpaque,,45.735669,-66.571864,2012,fresh,DUC,
NB18-08,NB,18,8,Oromocto River,Grand Lake,Grand Lake Lowlands,Aukpaque,,45.763266,-66.575257,2012,fresh,DUC,
NB19-01,NB,19,1,Otter Creek,Grand Lake,Grand Lake Lowlands,Aukpaque,,45.87321,-66.26508,2012,fresh,DUC,
NB19-02,NB,19,2,Otter Creek,Grand Lake,Grand Lake Lowlands,Aukpaque,,45.870571,-66.258803,2012,fresh,UNKN,
NB20-01,NB,20,1,Portobello Center,Grand Lake,Grand Lake Lowlands,Grand Lake,,45.928,-66.31494,2012,fresh,UNKN,
NB20-02,NB,20,2,Portobello Center,Grand Lake,Grand Lake Lowlands,Grand Lake,,45.92276,-66.3197,2012,fresh,UNKN,
NB20-03,NB,20,3,Portobello Center,Grand Lake,Grand Lake Lowlands,Grand Lake,,45.92029,-66.31537,2012,fresh,UNKN,
NB20-04,NB,20,4,Portobello Center,Grand Lake,Grand Lake Lowlands,Grand Lake,NWA,45.91374,-66.3204,2012,fresh,UNKN,
NB20-05,NB,20,5,Portobello Center,Grand Lake,Grand Lake Lowlands,Grand Lake,,45.9132,-66.31522,2012,fresh,UNKN,
NB20-06,NB,20,6,Portobello Center,Grand Lake,Grand Lake Lowlands,Grand Lake,,45.90891,-66.30868,2012,fresh,UNKN,
NB20-07,NB,20,7,Portobello Center,Grand Lake,Grand Lake Lowlands,Grand Lake,,45.90768,-66.29696,2012,fresh,UNKN,
NB20-08,NB,20,8,Portobello Center,Grand Lake,Grand Lake Lowlands,Grand Lake,,45.90281,-66.30493,2012,fresh,DUC,
NB21-01,NB,21,1,Portobello East,Grand Lake,Grand Lake Lowlands,Grand Lake,,45.90049,-66.27476,2012,fresh,UNKN,
NB21-02,NB,21,2,Portobello East,Grand Lake,Grand Lake Lowlands,Aukpaque,,45.89814,-66.2761,2012,fresh,UNKN,
NB21-03,NB,21,3,Portobello East,Grand Lake,Grand Lake Lowlands,Grand Lake,,45.89985,-66.28009,2012,fresh,UNKN,
NB21-04,NB,21,4,Portobello East,Grand Lake,Grand Lake Lowlands,Grand Lake,,45.89864,-66.28631,2012,fresh,UNKN,
NB21-05,NB,21,5,Portobello East,Grand Lake,Grand Lake Lowlands,Grand Lake,,45.90301,-66.29093,2012,fresh,UNKN,
NB21-06,NB,21,6,Portobello East,Grand Lake,Grand Lake Lowlands,Grand Lake,,45.90637,-66.28994,2012,fresh,UNKN,
NB21-07,NB,21,7,Portobello East,Grand Lake,Grand Lake Lowlands,Grand Lake,,45.90898,-66.28904,2012,fresh,UNKN,
NB21-08,NB,21,8,Portobello East,Grand Lake,Grand Lake Lowlands,Grand Lake,,45.90918,-66.28313,2012,fresh,UNKN,
NB22-01,NB,22,1,Portobello West,Grand Lake,Grand Lake Lowlands,Grand Lake,NWA,45.917713,-66.328324,2012,fresh,DUC,
NB22-02,NB,22,2,Portobello West,Grand Lake,Grand Lake Lowlands,Grand Lake,NWA,45.922028,-66.329239,2012,fresh,UNKN,
NB22-03,NB,22,3,Portobello West,Grand Lake,Grand Lake Lowlands,Grand Lake,NWA,45.921641,-66.338634,2012,fresh,UNKN,
NB22-04,NB,22,4,Portobello West,Grand Lake,Grand Lake Lowlands,Grand Lake,NWA,45.918456,-66.340417,2012,fresh,UNKN,
NB22-05,NB,22,5,Portobello West,Grand Lake,Grand Lake Lowlands,Grand Lake,NWA,45.926248,-66.346861,2012,fresh,DUC,
NB22-06,NB,22,6,Portobello West,Grand Lake,Grand Lake Lowlands,Aukpaque,NWA,45.918979,-66.353243,2012,fresh,UNKN,
NB22-07,NB,22,7,Portobello West,Grand Lake,Grand Lake Lowlands,Aukpaque,NWA,45.913546,-66.343341,2012,fresh,UNKN,
NB23-01,NB,23,1,Sunpoke Lake,Grand Lake,Grand Lake Lowlands,Aukpaque,,45.766842,-66.554332,2012,fresh,DUC,
NB23-02,NB,23,2,Sunpoke Lake,Grand Lake,Grand Lake Lowlands,Aukpaque,,45.760993,-66.564914,2012,fresh,DUC,
NB23-03,NB,23,3,Sunpoke Lake,Grand Lake,Grand Lake Lowlands,Aukpaque,,45.766076,-66.566467,2012,fresh,DUC,
NB23-04,NB,23,4,Sunpoke Lake,Grand Lake,Grand Lake Lowlands,Aukpaque,,45.767522,-66.569273,2012,fresh,DUC,
NB23-05,NB,23,5,Sunpoke Lake,Grand Lake,Grand Lake Lowlands,Aukpaque,,45.775841,-66.567252,2012,fresh,DUC,
NB23-06,NB,23,6,Sunpoke Lake,Grand Lake,Grand Lake Lowlands,Aukpaque,,45.777982,-66.561331,2012,fresh,DUC,
NB24-01,NB,24,1,Timber Lake,Grand Lake,Grand Lake Lowlands,Aukpaque,NB PNA,45.897624,-66.238547,2012,fresh,DUC,
NB24-02,NB,24,2,Timber Lake,Grand Lake,Grand Lake Lowlands,Aukpaque,NB PNA,45.891309,-66.240923,2012,fresh,DUC,
NB24-03,NB,24,3,Timber Lake,Grand Lake,Grand Lake Lowlands,Aukpaque,NB PNA,45.892884,-66.229798,2012,fresh,DUC,
NB24-04,NB,24,4,Timber Lake,Grand Lake,Grand Lake Lowlands,Aukpaque,NB PNA,45.895552,-66.234396,2012,fresh,DUC,
NB25-01,NB,25,1,Sunpoke-French,Grand Lake,Grand Lake Lowlands,Aukpaque,,45.787193,-66.542102,2014,fresh,UNKN,
NB25-02,NB,25,2,Sunpoke-French,Grand Lake,Grand Lake Lowlands,Aukpaque,,45.792824,-66.547019,2014,fresh,UNKN,
NB25-03,NB,25,3,Sunpoke-French,Grand Lake,Grand Lake Lowlands,Aukpaque,,45.782044,-66.553967,2014,fresh,UNKN,
NB25-04,NB,25,4,Sunpoke-French,Grand Lake,Grand Lake Lowlands,Aukpaque,,45.78578,-66.559901,2014,fresh,UNKN,
NB25-05,NB,25,5,Sunpoke-French,Grand Lake,Grand Lake Lowlands,Aukpaque,,45.777982,-66.561331,2014,fresh,DUC,
NB25-06,NB,25,6,Sunpoke-French,Grand Lake,Grand Lake Lowlands,Aukpaque,,45.775841,-66.567252,2014,fresh,DUC,
NB25-07,NB,25,7,Sunpoke-French,Grand Lake,Grand Lake Lowlands,Aukpaque,,45.766799,-66.56787,2014,fresh,DUC,
NB25-08,NB,25,8,Sunpoke-French,Grand Lake,Grand Lake Lowlands,Aukpaque,,45.760993,-66.564914,2014,fresh,DUC,
NB25-09,NB,25,9,Sunpoke-French,Grand Lake,Grand Lake Lowlands,Aukpaque,,45.766842,-66.554332,2014,fresh,DUC,
NB25-10,NB,25,10,Sunpoke-French,Grand Lake,Grand Lake Lowlands,Aukpaque,,45.773308,-66.557539,2014,fresh,DUC,
NB25-11,NB,25,11,Sunpoke-French,Grand Lake,Grand Lake Lowlands,Aukpaque,,45.775796,-66.552307,2014,fresh,DUC,
NB27-01,NB,27,1,Timber-Fulton,Grand Lake,Grand Lake Lowlands,Aukpaque,NB PNA,45.897519,-66.238494,2013,fresh,DUC,
NB27-02,NB,27,2,Timber-Fulton,Grand Lake,Grand Lake Lowlands,Aukpaque,NB PNA,45.891113,-66.241023,2013,fresh,DUC,
NB27-03,NB,27,3,Timber-Fulton,Grand Lake,Grand Lake Lowlands,Aukpaque,NB PNA,45.892884,-66.229798,2013,fresh,DUC,
NB27-04,NB,27,4,Timber-Fulton,Grand Lake,Grand Lake Lowlands,Aukpaque,NB PNA,45.895552,-66.234396,2013,fresh,DUC,
NB27-05,NB,27,5,Timber-Fulton,Grand Lake,Grand Lake Lowlands,Grand Lake,,45.901407,-66.220904,2013,fresh,UNKN,
NB27-06,NB,27,6,Timber-Fulton,Grand Lake,Grand Lake Lowlands,Grand Lake,,45.90552,-66.233409,2013,fresh,UNKN,
NB27-07,NB,27,7,Timber-Fulton,Grand Lake,Grand Lake Lowlands,Grand Lake,,45.904484,-66.239355,2013,fresh,UNKN,
NB27-08,NB,27,8,Timber-Fulton,Grand Lake,Grand Lake Lowlands,Grand Lake,,45.902921,-66.24541,2013,fresh,UNKN,
NB28-01,NB,28,1,Beech Lake Impoundment,Chignecto-Tintamarre,Eastern Lowlands,Petitcodiac,NWA,45.95298,-64.29692,2013,fresh,DUC,
NB28-02,NB,28,2,Beech Lake Impoundment,Chignecto-Tintamarre,Eastern Lowlands,Petitcodiac,NWA,45.95273,-64.29558,2013,fresh,DUC,
NB28-03,NB,28,3,Beech Lake Impoundment,Chignecto-Tintamarre,Eastern Lowlands,Petitcodiac,NWA,45.95225,-64.29257,2013,fresh,DUC,
NB28-04,NB,28,4,Beech Lake Impoundment,Chignecto-Tintamarre,Eastern Lowlands,Petitcodiac,NWA,45.95012,-64.29087,2013,fresh,DUC,
NB28-05,NB,28,5,Beech Lake Impoundment,Chignecto-Tintamarre,Eastern Lowlands,Petitcodiac,NWA,45.94809,-64.28946,2013,fresh,DUC,
NB28-06,NB,28,6,Beech Lake Impoundment,Chignecto-Tintamarre,Eastern Lowlands,Petitcodiac,NWA,45.94697,-64.28666,2013,fresh,DUC,
NB28-07,NB,28,7,Beech Lake Impoundment,Chignecto-Tintamarre,Eastern Lowlands,Petitcodiac,NWA,45.94592,-64.2838,2013,fresh,DUC,
NB28-08,NB,28,8,Beech Lake Impoundment,Chignecto-Tintamarre,Eastern Lowlands,Petitcodiac,NWA,45.94424,-64.28166,2013,fresh,DUC,
NB28-09,NB,28,9,Beech Lake Impoundment,Chignecto-Tintamarre,Eastern Lowlands,Petitcodiac,NWA,45.94457,-64.27845,2013,fresh,DUC,
NB28-10,NB,28,10,Beech Lake Impoundment,Chignecto-Tintamarre,Eastern Lowlands,Petitcodiac,NWA,45.94506,-64.2753,2013,fresh,DUC,
NB32-01,NB,32,1,St George,Fundy - South,Valley Lowlands,Magaguadavic,,45.13646,-66.82934,2013,fresh,DUC,
NB32-03,NB,32,3,St George,Fundy - South,Valley Lowlands,Magaguadavic,,45.13393,-66.82774,2013,fresh,DUC,
NB32-04,NB,32,4,St George,Fundy - South,Valley Lowlands,Magaguadavic,,45.13595,-66.84321,2013,fresh,DUC,
NB32-05,NB,32,5,St George,Fundy - South,Valley Lowlands,Magaguadavic,,45.13068,-66.82999,2013,fresh,DUC,
NB32-06,NB,32,6,St George,Fundy - South,Valley Lowlands,Magaguadavic,,45.13153,-66.82551,2013,fresh,DUC,
NB32-07,NB,32,7,St George,Fundy - South,Valley Lowlands,Magaguadavic,,45.13361,-66.82471,2013,fresh,DUC,
NB32-08,NB,32,8,St George,Fundy - South,Valley Lowlands,Magaguadavic,,45.13294,-66.82799,2013,fresh,DUC,
NB32-09,NB,32,9,St George,Fundy - South,Valley Lowlands,Magaguadavic,,45.1324,-66.83093,2013,fresh,DUC,
NB33-01,NB,33,1,Bell Marsh,Fundy - North,Eastern Lowlands,Petitcodiac,,46.05638,-64.84803,2013,fresh,DUC,
NB33-02,NB,33,2,Bell Marsh,Fundy - North,Eastern Lowlands,Petitcodiac,,46.0548,-64.84622,2013,fresh,DUC,
NB33-03,NB,33,3,Bell Marsh,Fundy - North,Eastern Lowlands,Petitcodiac,,46.05652,-64.84357,2013,fresh,DUC,
NB33-04,NB,33,4,Bell Marsh,Fundy - North,Eastern Lowlands,Petitcodiac,,46.05797,-64.84035,2013,fresh,DUC,
NB33-05,NB,33,5,Bell Marsh,Fundy - North,Eastern Lowlands,Petitcodiac,,46.06027,-64.83892,2013,fresh,DUC,
NB34-01,NB,34,1,Tintamarre,Chignecto-Tintamarre,Eastern Lowlands,Petitcodiac,NWA,45.9448,-64.26905,2013,fresh,DUC,
NB34-02,NB,34,2,Tintamarre,Chignecto-Tintamarre,Eastern Lowlands,Petitcodiac,NWA,45.94743,-64.27498,2013,fresh,DUC,
NB34-03,NB,34,3,Tintamarre,Chignecto-Tintamarre,Eastern Lowlands,Petitcodiac,NWA,45.94758,-64.27183,2013,fresh,DUC,
NB34-04,NB,34,4,Tintamarre,Chignecto-Tintamarre,Eastern Lowlands,Petitcodiac,NWA,45.94833,-64.26923,2013,fresh,DUC,
NB34-05,NB,34,5,Tintamarre,Chignecto-Tintamarre,Eastern Lowlands,Petitcodiac,NWA,45.94717,-64.26667,2013,fresh,DUC,
NB34-06,NB,34,6,Tintamarre,Chignecto-Tintamarre,Eastern Lowlands,Petitcodiac,NWA,45.94935,-64.26377,2013,fresh,DUC,
NB34-07,NB,34,7,Tintamarre,Chignecto-Tintamarre,Eastern Lowlands,Petitcodiac,NWA,45.95193,-64.26187,2013,fresh,DUC,
NB34-08,NB,34,8,Tintamarre,Chignecto-Tintamarre,Eastern Lowlands,Petitcodiac,NWA,45.94517,-64.26368,2013,fresh,DUC,
NB34-09,NB,34,9,Tintamarre,Chignecto-Tintamarre,Eastern Lowlands,Petitcodiac,NWA,45.94341,-64.26164,2013,fresh,DUC,
NB35-01,NB,35,1,Beaubassin,Chignecto-Tintamarre,Fundy Coastal,Fundy,,45.86144,-64.27535,2013,fresh,DUC,
NB35-02,NB,35,2,Beaubassin,Chignecto-Tintamarre,Fundy Coastal,Fundy,,45.86018,-64.2727,2013,fresh,DUC,
NB35-03,NB,35,3,Beaubassin,Chignecto-Tintamarre,Fundy Coastal,Fundy,,45.8572,-64.26642,2013,fresh,DUC,
NB35-04,NB,35,4,Beaubassin,Chignecto-Tintamarre,Fundy Coastal,Fundy,,45.85502,-64.27186,2013,fresh,DUC,
NB35-05,NB,35,5,Beaubassin,Chignecto-Tintamarre,Fundy Coastal,Fundy,,45.8506,-64.27706,2013,fresh,DUC,
NB35-06,NB,35,6,Beaubassin,Chignecto-Tintamarre,Fundy Coastal,Fundy,,45.847356,-64.285593,2013,coastal,DUC,
NB35-07,NB,35,7,Beaubassin,Chignecto-Tintamarre,Fundy Coastal,Fundy,,45.87017,-64.29604,2013,fresh,DUC,
NB36-01,NB,36,1,Ward,Chignecto-Tintamarre,Eastern Lowlands,Petitcodiac,,45.96358,-64.34468,2013,fresh,DUC,
NB36-02,NB,36,2,Ward,Chignecto-Tintamarre,Eastern Lowlands,Petitcodiac,,45.96731,-64.34583,2013,fresh,DUC,
NB36-03,NB,36,3,Ward,Chignecto-Tintamarre,Eastern Lowlands,Petitcodiac,,45.9701,-64.34698,2013,fresh,DUC,
NB36-04,NB,36,4,Ward,Chignecto-Tintamarre,Eastern Lowlands,Petitcodiac,,45.9721,-64.34375,2013,fresh,DUC,
NB36-05,NB,36,5,Ward,Chignecto-Tintamarre,Eastern Lowlands,Petitcodiac,,45.97079,-64.33791,2013,fresh,DUC,
NB36-06,NB,36,6,Ward,Chignecto-Tintamarre,Eastern Lowlands,Petitcodiac,,45.96399,-64.32997,2013,fresh,DUC,
NB36-07,NB,36,7,Ward,Chignecto-Tintamarre,Eastern Lowlands,Petitcodiac,,45.96666,-64.3304,2013,fresh,DUC,
NB36-08,NB,36,8,Ward,Chignecto-Tintamarre,Eastern Lowlands,Petitcodiac,,45.96292,-64.32939,2015,fresh,DUC,
NB37-01,NB,37,1,Westcock,Fundy - North,Fundy Coastal,Fundy,,45.86945,-64.35518,2013,coastal,DUC,
NB37-02,NB,37,2,Westcock,Fundy - North,Fundy Coastal,Fundy,,45.86999,-64.34997,2013,coastal,UNKN,
NB37-03,NB,37,3,Westcock,Fundy - North,Fundy Coastal,Fundy,,45.87187,-64.34722,2013,coastal,UNKN,
NB37-04,NB,37,4,Westcock,Fundy - North,Fundy Coastal,Fundy,,45.87369,-64.34434,2013,coastal,UNKN,
NB37-05,NB,37,5,Westcock,Fundy - North,Fundy Coastal,Fundy,,45.87373,-64.34048,2013,coastal,UNKN,
NB37-06,NB,37,6,Westcock,Fundy - North,Fundy Coastal,Fundy,,45.87361,-64.33658,2013,coastal,UNKN,
NB37-07,NB,37,7,Westcock,Fundy - North,Fundy Coastal,Fundy,,45.87162,-64.33397,2013,coastal,UNKN,
NB37-08,NB,37,8,Westcock,Fundy - North,Fundy Coastal,Fundy,,45.86944,-64.33171,2013,coastal,UNKN,
NB37-09,NB,37,9,Westcock,Fundy - North,Fundy Coastal,Fundy,,45.86754,-64.33448,2013,coastal,UNKN,
NB37-10,NB,37,10,Westcock,Fundy - North,Fundy Coastal,Fundy,,45.86615,-64.33785,2013,coastal,UNKN,
NB38-01,NB,38,1,Midgic,Chignecto-Tintamarre,Eastern Lowlands,Petitcodiac,NWA,45.95962,-64.31992,2013,fresh,DUC,
NB38-02,NB,38,2,Midgic,Chignecto-Tintamarre,Eastern Lowlands,Petitcodiac,NWA,45.95775,-64.31806,2013,fresh,DUC,
NB38-03,NB,38,3,Midgic,Chignecto-Tintamarre,Eastern Lowlands,Petitcodiac,NWA,45.95591,-64.31602,2013,fresh,DUC,
NB38-04,NB,38,4,Midgic,Chignecto-Tintamarre,Eastern Lowlands,Petitcodiac,NWA,45.95644,-64.31287,2013,fresh,DUC,
NB38-05,NB,38,5,Midgic,Chignecto-Tintamarre,Eastern Lowlands,Petitcodiac,NWA,45.95801,-64.31052,2013,fresh,DUC,
NB38-06,NB,38,6,Midgic,Chignecto-Tintamarre,Eastern Lowlands,Petitcodiac,NWA,45.95377,-64.31493,2013,fresh,DUC,
NB38-07,NB,38,7,Midgic,Chignecto-Tintamarre,Eastern Lowlands,Petitcodiac,NWA,45.95297,-64.31182,2013,fresh,DUC,
NB39-01,NB,39,1,Slacks Cove Rd,Fundy - North,Fundy Coastal,Fundy,,45.73317,-64.49434,2013,coastal,UNKN,
NB39-02,NB,39,2,Slacks Cove Rd,Fundy - North,Fundy Coastal,Fundy,,45.74936,-64.491843,2013,coastal,UNKN,
NB39-03,NB,39,3,Slacks Cove Rd,Fundy - North,Fundy Coastal,Fundy,,45.82101,-64.404313,2013,coastal,UNKN,
NB40-01,NB,40,1,Dieppe,Fundy - North,Eastern Lowlands,Petitcodiac,,46.06829,-64.72543,2013,coastal,UNKN,
NB40-02,NB,40,2,Dieppe,Fundy - North,Eastern Lowlands,Petitcodiac,,46.06559,-64.72765,2013,coastal,UNKN,
NB40-03,NB,40,3,Dieppe,Fundy - North,Eastern Lowlands,Petitcodiac,,46.06238,-64.72236,2013,coastal,UNKN,
NB40-04,NB,40,4,Dieppe,Fundy - North,Eastern Lowlands,Petitcodiac,,46.06077,-64.71779,2013,coastal,UNKN,
NB40-05,NB,40,5,Dieppe,Fundy - North,Eastern Lowlands,Petitcodiac,,46.05878,-64.71477,2013,coastal,UNKN,
NB41-01,NB,41,1,Peticodiac,Fundy - North,Eastern Lowlands,Petitcodiac,,46.07507,-64.73371,2013,coastal,UNKN,
NB41-02,NB,41,2,Peticodiac,Fundy - North,Eastern Lowlands,Petitcodiac,,46.0781,-64.7356,2013,fresh,UNKN,
NB41-03,NB,41,3,Peticodiac,Fundy - North,Eastern Lowlands,Petitcodiac,,46.07999,-64.73765,2013,fresh,UNKN,
NB41-04,NB,41,4,Peticodiac,Fundy - North,Eastern Lowlands,Petitcodiac,,46.08212,-64.73951,2013,fresh,UNKN,
NB41-05,NB,41,5,Peticodiac,Fundy - North,Eastern Lowlands,Petitcodiac,,46.08485,-64.74111,2013,coastal,UNKN,
NB41-06,NB,41,6,Peticodiac,Fundy - North,Eastern Lowlands,Petitcodiac,,46.0872,-64.74279,2013,coastal,UNKN,
NB41-07,NB,41,7,Peticodiac,Fundy - North,Eastern Lowlands,Petitcodiac,,46.08885,-64.74564,2013,coastal,UNKN,
NB41-08,NB,41,8,Peticodiac,Fundy - North,Eastern Lowlands,Petitcodiac,,46.09052,-64.75048,2013,coastal,UNKN,
NB42-01,NB,42,1,Tormentine,Northumberland,Eastern Lowlands,Kouchibouguac,,46.14302,-63.88245,2013,coastal,UNKN,
NB42-02,NB,42,2,Tormentine,Northumberland,Eastern Lowlands,Kouchibouguac,NWA,46.14476,-63.8637,2013,coastal,DUC,
NB42-03,NB,42,3,Tormentine,Northumberland,Eastern Lowlands,Kouchibouguac,,46.13793,-63.82365,2013,fresh,DUC,
NB42-04,NB,42,4,Tormentine,Northumberland,Eastern Lowlands,Kouchibouguac,NWA,46.13588,-63.80699,2013,coastal,DUC,
NB42-05,NB,42,5,Tormentine,Northumberland,Eastern Lowlands,Kouchibouguac,,46.099044,-63.79552,2013,coastal,UNKN,
NB42-06,NB,42,6,Tormentine,Northumberland,Eastern Lowlands,Kouchibouguac,,46.08388,-63.84642,2013,coastal,UNKN,
NB43-01,NB,43,1,Baie Verte - Port Elgin,Northumberland,Eastern Lowlands,Petitcodiac,,45.99676,-64.07007,2013,coastal,UNKN,
NB43-02,NB,43,2,Baie Verte - Port Elgin,Northumberland,Eastern Lowlands,Petitcodiac,,46.00295,-64.06684,2013,coastal,UNKN,
NB43-03,NB,43,3,Baie Verte - Port Elgin,Northumberland,Eastern Lowlands,Petitcodiac,,46.0044,-64.07248,2013,coastal,UNKN,
NB43-04,NB,43,4,Baie Verte - Port Elgin,Northumberland,Eastern Lowlands,Petitcodiac,,46.00548,-64.07898,2013,coastal,UNKN,
NB43-05,NB,43,5,Baie Verte - Port Elgin,Northumberland,Eastern Lowlands,Petitcodiac,,46.01677,-64.09926,2013,coastal,UNKN,
NB43-06,NB,43,6,Baie Verte - Port Elgin,Northumberland,Eastern Lowlands,Petitcodiac,,46.04693,-64.09036,2013,fresh,DUC,
NB43-07,NB,43,7,Baie Verte - Port Elgin,Northumberland,Eastern Lowlands,Petitcodiac,,46.04548,-64.0749,2013,coastal,UNKN,
NB44-01,NB,44,1,Baie Verte WFP,Chignecto-Tintamarre,Eastern Lowlands,Petitcodiac,,46.01732,-64.10459,2013,fresh,DUC,
NB44-02,NB,44,2,Baie Verte WFP,Chignecto-Tintamarre,Eastern Lowlands,Petitcodiac,,46.01676,-64.10856,2013,fresh,DUC,
NB44-03,NB,44,3,Baie Verte WFP,Chignecto-Tintamarre,Eastern Lowlands,Petitcodiac,,46.01797,-64.1103,2013,coastal,DUC,
NB44-04,NB,44,4,Baie Verte WFP,Chignecto-Tintamarre,Eastern Lowlands,Petitcodiac,,46.01681,-64.11362,2013,coastal,UNKN,
NB44-05,NB,44,5,Baie Verte WFP,Chignecto-Tintamarre,Eastern Lowlands,Petitcodiac,,46.02039,-64.10773,2013,coastal,UNKN,
NB44-06,NB,44,6,Baie Verte WFP,Chignecto-Tintamarre,Eastern Lowlands,Petitcodiac,,46.02267,-64.10559,2013,coastal,DUC,
NB44-07,NB,44,7,Baie Verte WFP,Chignecto-Tintamarre,Eastern Lowlands,Petitcodiac,,46.02452,-64.10313,2013,coastal,DUC,
NB44-08,NB,44,8,Baie Verte WFP,Chignecto-Tintamarre,Eastern Lowlands,Petitcodiac,,46.02725,-64.10045,2013,coastal,UNKN,
NB44-09,NB,44,9,Baie Verte WFP,Chignecto-Tintamarre,Eastern Lowlands,Petitcodiac,,46.03148,-64.09601,2013,coastal,UNKN,
NB45-01,NB,45,1,Dorchester,Fundy - North,Eastern Lowlands,Petitcodiac,,45.95435,-64.54111,2013,coastal,UNKN,
NB45-02,NB,45,2,Dorchester,Fundy - North,Eastern Lowlands,Petitcodiac,,45.9522,-64.54347,2013,coastal,UNKN,
NB45-03,NB,45,3,Dorchester,Fundy - North,Eastern Lowlands,Petitcodiac,,45.94951,-64.54295,2013,coastal,UNKN,
NB45-04,NB,45,4,Dorchester,Fundy - North,Eastern Lowlands,Petitcodiac,,45.94714,-64.54482,2013,coastal,UNKN,
NB45-05,NB,45,5,Dorchester,Fundy - North,Eastern Lowlands,Petitcodiac,,45.94461,-64.54341,2013,coastal,UNKN,
NB45-06,NB,45,6,Dorchester,Fundy - North,Eastern Lowlands,Petitcodiac,,45.94242,-64.54112,2013,coastal,UNKN,
NB45-07,NB,45,7,Dorchester,Fundy - North,Eastern Lowlands,Petitcodiac,,45.94463,-64.5389,2013,coastal,UNKN,
NB45-08,NB,45,8,Dorchester,Fundy - North,Eastern Lowlands,Petitcodiac,,45.946395,-64.536966,2013,coastal,PC,
NB46-01,NB,46,1,Kougibouguac Salt Marsh,Northumberland,Eastern Lowlands,Kouchibouguac,NP,46.81471,-64.91441,2013,coastal,PC,
NB46-02,NB,46,2,Kougibouguac Salt Marsh,Northumberland,Eastern Lowlands,Kouchibouguac,NP,46.81666,-64.91276,2013,coastal,PC,
NB46-03,NB,46,3,Kougibouguac Salt Marsh,Northumberland,Eastern Lowlands,Kouchibouguac,NP,46.81872,-64.91142,2013,coastal,PC,
NB46-04,NB,46,4,Kougibouguac Salt Marsh,Northumberland,Eastern Lowlands,Kouchibouguac,NP,46.82063,-64.91318,2013,coastal,PC,
NB46-05,NB,46,5,Kougibouguac Salt Marsh,Northumberland,Eastern Lowlands,Kouchibouguac,NP,46.83119,-64.91439,2013,coastal,PC,
NB46-06,NB,46,6,Kougibouguac Salt Marsh,Northumberland,Eastern Lowlands,Kouchibouguac,NP,46.82657,-64.91046,2013,coastal,PC,
NB46-07,NB,46,7,Kougibouguac Salt Marsh,Northumberland,Eastern Lowlands,Kouchibouguac,NP,46.8243,-64.91093,2013,coastal,PC,
NB46-08,NB,46,8,Kougibouguac Salt Marsh,Northumberland,Eastern Lowlands,Kouchibouguac,NP,46.82214,-64.91197,2013,coastal,PC,
NB47-01,NB,47,1,Cap de St Louis,Northumberland,Eastern Lowlands,Kouchibouguac,NP,46.76134,-64.92008,2013,coastal,PC,
NB47-02,NB,47,2,Cap de St Louis,Northumberland,Eastern Lowlands,Kouchibouguac,NP,46.762,-64.91775,2013,coastal,PC,
NB47-03,NB,47,3,Cap de St Louis,Northumberland,Eastern Lowlands,Kouchibouguac,NP,46.76403,-64.91615,2013,coastal,PC,
NB47-04,NB,47,4,Cap de St Louis,Northumberland,Eastern Lowlands,Kouchibouguac,NP,46.76647,-64.91577,2013,coastal,PC,
NB47-05,NB,47,5,Cap de St Louis,Northumberland,Eastern Lowlands,Kouchibouguac,NP,46.76854,-64.91526,2013,coastal,PC,
NB47-06,NB,47,6,Cap de St Louis,Northumberland,Eastern Lowlands,Kouchibouguac,NP,46.75584,-64.91829,2013,coastal,PC,
NB48-01,NB,48,1,Rivere Au Portage,Northumberland,Eastern Lowlands,Kouchibouguac,NP,46.92658,-64.90939,2013,coastal,PC,
NB48-02,NB,48,2,Rivere Au Portage,Northumberland,Eastern Lowlands,Kouchibouguac,NP,46.92422,-64.9075,2013,coastal,PC,
NB48-03,NB,48,3,Rivere Au Portage,Northumberland,Eastern Lowlands,Kouchibouguac,NP,46.92156,-64.90463,2013,coastal,PC,
NB48-04,NB,48,4,Rivere Au Portage,Northumberland,Eastern Lowlands,Kouchibouguac,NP,46.91722,-64.89665,2013,coastal,PC,
NB48-05,NB,48,5,Rivere Au Portage,Northumberland,Eastern Lowlands,Kouchibouguac,NP,46.91498,-64.89559,2013,coastal,PC,
NB48-06,NB,48,6,Rivere Au Portage,Northumberland,Eastern Lowlands,Kouchibouguac,NP,46.91432,-64.89839,2013,coastal,PC,
NB48-07,NB,48,7,Rivere Au Portage,Northumberland,Eastern Lowlands,Kouchibouguac,NP,46.91252,-64.8971,2013,coastal,PC,
NB51-01,NB,51,1,Musquash,Fundy - South,Fundy Coastal,Fundy,,45.17759,-66.316245,2013,fresh,DUC,
NB51-02,NB,51,2,Musquash,Fundy - South,Fundy Coastal,Fundy,,45.180489,-66.317474,2013,fresh,DUC,
NB51-03,NB,51,3,Musquash,Fundy - South,Fundy Coastal,Fundy,,45.18256,-66.32098,2013,fresh,DUC,
NB51-04,NB,51,4,Musquash,Fundy - South,Fundy Coastal,Fundy,,45.180772,-66.32405,2013,fresh,DUC,
NB51-05,NB,51,5,Musquash,Fundy - South,Fundy Coastal,Fundy,,45.178615,-66.326111,2013,fresh,DUC,
NB51-06,NB,51,6,Musquash,Fundy - South,Fundy Coastal,Fundy,,45.183993,-66.323212,2013,fresh,DUC,
NB51-07,NB,51,7,Musquash,Fundy - South,Fundy Coastal,Fundy,,45.191491,-66.319385,2013,coastal,DUC,
NB51-08,NB,51,8,Musquash,Fundy - South,Fundy Coastal,Fundy,,45.18342,-66.32999,2013,fresh,DUC,
NB51-09,NB,51,9,Musquash,Fundy - South,Fundy Coastal,Fundy,,45.188553,-66.328433,2013,fresh,DUC,
NB51-10,NB,51,10,Musquash,Fundy - South,Fundy Coastal,Fundy,,45.188393,-66.322358,2013,fresh,DUC,dropped from surveying in 2016
NB51-11,NB,51,11,Musquash,Fundy - South,Fundy Coastal,Fundy,,45.18118,-66.333172,2017,fresh,UNKN,
NB52-01,NB,52,1,South Musquash,Fundy - South,Fundy Coastal,Fundy,,45.174804,-66.295122,2013,coastal,DUC,
NB52-02,NB,52,2,South Musquash,Fundy - South,Fundy Coastal,Fundy,,45.172206,-66.300208,2013,coastal,DUC,
NB52-03,NB,52,3,South Musquash,Fundy - South,Fundy Coastal,Fundy,,45.174463,-66.298218,2013,coastal,DUC,
NB53-01,NB,53,1,North Musquash,Fundy - South,Fundy Coastal,Fundy,,45.179264,-66.268946,2013,coastal,UNKN,
NB53-02,NB,53,2,North Musquash,Fundy - South,Fundy Coastal,Fundy,,45.19005,-66.291981,2013,coastal,UNKN,
NB53-03,NB,53,3,North Musquash,Fundy - South,Fundy Coastal,Fundy,,45.187963,-66.290539,2013,coastal,UNKN,
NB53-04,NB,53,4,North Musquash,Fundy - South,Fundy Coastal,Fundy,,45.191622,-66.287297,2013,coastal,DUC,
NB53-05,NB,53,5,North Musquash,Fundy - South,Fundy Coastal,Fundy,,45.194736,-66.285023,2013,coastal,DUC,
NB53-06,NB,53,6,North Musquash,Fundy - South,Fundy Coastal,Fundy,,45.194318,-66.279976,2013,coastal,DUC,
NB54-01,NB,54,1,Saint John North,Fundy - South,Fundy Coastal,Fundy,,45.23108,-66.12231,2013,coastal,NTNB,these lat/longs should be looked at… were surveyed in these points for 2015 and 2016
NB54-02,NB,54,2,Saint John North,Fundy - South,Fundy Coastal,Fundy,,45.22912,-66.12302,2013,coastal,NTNB,these lat/longs should be looked at… were surveyed in these points for 2015 and 2017
NB54-03,NB,54,3,Saint John North,Fundy - South,Fundy Coastal,Fundy,,45.22759,-66.12475,2013,coastal,NTNB,these lat/longs should be looked at… were surveyed in these points for 2015 and 2018
NB54-04,NB,54,4,Saint John North,Fundy - South,Fundy Coastal,Fundy,,45.22967,-66.12554,2013,coastal,NTNB,these lat/longs should be looked at… were surveyed in these points for 2015 and 2019
NB54-05,NB,54,5,Saint John North,Fundy - South,Fundy Coastal,Fundy,,45.22753,-66.12619,2013,coastal,NTNB,these lat/longs should be looked at… were surveyed in these points for 2015 and 2020
NB54-06,NB,54,6,Saint John North,Fundy - South,Fundy Coastal,Fundy,,45.22867,-66.12808,2013,coastal,NTNB,these lat/longs should be looked at… were surveyed in these points for 2015 and 2021
NB55-01,NB,55,1,Saint John South,Fundy - South,Fundy Coastal,Fundy,,45.22646,-66.11787,2013,coastal,NTNB,these lat/longs should be looked at… were surveyed in these points for 2015 and 2022
NB55-02,NB,55,2,Saint John South,Fundy - South,Fundy Coastal,Fundy,,45.22655,-66.12108,2013,coastal,NTNB,these lat/longs should be looked at… were surveyed in these points for 2015 and 2023
NB55-03,NB,55,3,Saint John South,Fundy - South,Fundy Coastal,Fundy,,45.22596,-66.12367,2013,coastal,NTNB,these lat/longs should be looked at… were surveyed in these points for 2015 and 2024
NB55-04,NB,55,4,Saint John South,Fundy - South,Fundy Coastal,Fundy,,45.22531,-66.12645,2013,coastal,NTNB,these lat/longs should be looked at… were surveyed in these points for 2015 and 2025
NB55-05,NB,55,5,Saint John South,Fundy - South,Fundy Coastal,Fundy,,45.227471,-66.126194,2013,coastal,NTNB,these lat/longs should be looked at… were surveyed in these points for 2015 and 2026
NB55-06,NB,55,6,Saint John South,Fundy - South,Fundy Coastal,Fundy,,45.225071,-66.132366,2013,coastal,NTNB,these lat/longs should be looked at… were surveyed in these points for 2015 and 2027
NBBD-01,NB,BD,1,Bouctouche,Northumberland,Eastern Lowlands,Kouchibouguac,,46.53237,-64.693068,2014,coastal,UNKN,never survyed - eroded away
NBBD-02,NB,BD,2,Bouctouche,Northumberland,Eastern Lowlands,Kouchibouguac,,46.530279,-64.692844,2014,coastal,UNKN,
NBBD-03,NB,BD,3,Bouctouche,Northumberland,Eastern Lowlands,Kouchibouguac,,46.529127,-64.689222,2014,coastal,UNKN,
NBBD-04,NB,BD,4,Bouctouche,Northumberland,Eastern Lowlands,Kouchibouguac,,46.527051,-64.686243,2014,coastal,UNKN,
NBBD-05,NB,BD,5,Bouctouche,Northumberland,Eastern Lowlands,Kouchibouguac,,46.524491,-64.683088,2014,coastal,UNKN,
NBCH-01,NB,CH,1,Chockpish,Northumberland,Eastern Lowlands,Kouchibouguac,,46.604062,-64.724161,2014,coastal,UNKN,
NBCH-02,NB,CH,2,Chockpish,Northumberland,Eastern Lowlands,Kouchibouguac,,46.606476,-64.721484,2014,coastal,UNKN,
NBCH-03,NB,CH,3,Chockpish,Northumberland,Eastern Lowlands,Kouchibouguac,,46.601482,-64.722456,2014,coastal,UNKN,
NBCH-04,NB,CH,4,Chockpish,Northumberland,Eastern Lowlands,Kouchibouguac,,46.594653,-64.723336,2014,coastal,UNKN,
NBCV-01,NB,CV,1,Cormierville,Northumberland,Eastern Lowlands,Kouchibouguac,,46.395105,-64.615108,2014,coastal,UNKN,
NBCV-02,NB,CV,2,Cormierville,Northumberland,Eastern Lowlands,Kouchibouguac,,46.397902,-64.614089,2014,coastal,UNKN,
NBCV-03,NB,CV,3,Cormierville,Northumberland,Eastern Lowlands,Kouchibouguac,,46.39989,-64.615172,2014,coastal,UNKN,
NBCV-04,NB,CV,4,Cormierville,Northumberland,Eastern Lowlands,Kouchibouguac,,46.40279,-64.615325,2014,coastal,UNKN,
NBGD-01,NB,GD,1,Grande-Digue,Northumberland,Eastern Lowlands,Kouchibouguac,,46.30685,-64.523933,2016,coastal,UNKN,
NBGD-02,NB,GD,2,Grande-Digue,Northumberland,Eastern Lowlands,Kouchibouguac,,46.302233,-64.532633,2016,coastal,UNKN,
NBGD-03,NB,GD,3,Grande-Digue,Northumberland,Eastern Lowlands,Kouchibouguac,,46.2995,-64.533133,2016,coastal,UNKN,
NBGD-04,NB,GD,4,Grande-Digue,Northumberland,Eastern Lowlands,Kouchibouguac,,46.29885,-64.5397,2016,coastal,UNKN,
NBPC-01,NB,PC,1,Pointe-du-Chêne ,Northumberland,Eastern Lowlands,Kouchibouguac,,46.233235,-64.520833,2016,coastal,UNKN,
NBPC-02,NB,PC,2,Pointe-du-Chêne ,Northumberland,Eastern Lowlands,Kouchibouguac,,46.231967,-64.515383,2016,coastal,UNKN,
NBPC-03,NB,PC,3,Pointe-du-Chêne ,Northumberland,Eastern Lowlands,Kouchibouguac,,46.229633,-64.5214,2016,coastal,UNKN,
NBSE-01,NB,SE,1,Salisbury East,Fundy - North,Eastern Lowlands,Petitcodiac,,46.03382299,-65.01406484,2016,fresh,DUC,
NBSE-02,NB,SE,2,Salisbury East,Fundy - North,Eastern Lowlands,Petitcodiac,,46.03515581,-65.01148142,2016,fresh,DUC,
NBSE-03,NB,SE,3,Salisbury East,Fundy - North,Eastern Lowlands,Petitcodiac,,46.03222145,-65.01134397,2016,fresh,DUC,
NBSE-04,NB,SE,4,Salisbury East,Fundy - North,Eastern Lowlands,Petitcodiac,,46.03089863,-65.01447964,2016,fresh,DUC,
NBSE-05,NB,SE,5,Salisbury East,Fundy - North,Eastern Lowlands,Petitcodiac,,46.0308185,-65.01766269,2016,fresh,UNKN,
NBSW-01,NB,SW,1,Salisbury West,Fundy - North,Eastern Lowlands,Petitcodiac,,46.02093021,-65.04516473,2016,fresh,DUC,
NBSW-02,NB,SW,2,Salisbury West,Fundy - North,Eastern Lowlands,Petitcodiac,,46.01917332,-65.04285048,2016,fresh,DUC,
NBSW-03,NB,SW,3,Salisbury West,Fundy - North,Eastern Lowlands,Petitcodiac,,46.02032777,-65.04035332,2016,fresh,DUC,
NBFS-01,NB,FS,1,Ferris Street,Grand Lake,Grand Lake Lowlands,Aukpaque,,45.985293,-66.685226,2017,fresh,NTNB,
NBFS-02,NB,FS,2,Ferris Street,Grand Lake,Grand Lake Lowlands,Aukpaque,,45.984292,-66.689598,2017,fresh,NTNB,
NBFS-03,NB,FS,3,Ferris Street,Grand Lake,Grand Lake Lowlands,Aukpaque,,45.976806,-66.686541,2017,fresh,NTNB,
NBFS-04,NB,FS,4,Ferris Street,Grand Lake,Grand Lake Lowlands,Aukpaque,,45.975986,-66.681563,2017,fresh,NTNB,
NBHP-01,NB,HP,1,Hyla Park,Grand Lake,Grand Lake Lowlands,Aukpaque,,45.950871,-66.60877,2017,fresh,NTNB,
NBHP-02,NB,HP,2,Hyla Park,Grand Lake,Grand Lake Lowlands,Aukpaque,,45.950491,-66.612034,2017,fresh,NTNB,
NBHP-03,NB,HP,3,Hyla Park,Grand Lake,Grand Lake Lowlands,Aukpaque,,45.949144,-66.609152,2017,fresh,NTNB,
NBSA-01,NB,SA,1,Saint Andrews,Fundy - South,Valley Lowlands,Magaguadavic,,45.07855,-67.04198,2017,coastal,NTNB,
NBSA-02,NB,SA,2,Saint Andrews,Fundy - South,Valley Lowlands,Magaguadavic,,45.07713,-67.03937,2017,coastal,NTNB,
NBSA-03,NB,SA,3,Saint Andrews,Fundy - South,Valley Lowlands,Magaguadavic,,45.16322,-67.04452,2017,coastal,NTNB,
NBSA-04,NB,SA,4,Saint Andrews,Fundy - South,Valley Lowlands,Magaguadavic,,45.16443,-67.04119,2017,coastal,NTNB,
NS01-01,NS,1,1,Amherst Point,Chignecto-Tintamarre,Nova Scotia,Nova Scotia,NWA,45.78142,-64.25607,2013,fresh,DUC,
NS01-02,NS,1,2,Amherst Point,Chignecto-Tintamarre,Nova Scotia,Nova Scotia,NWA,45.7834,-64.25942,2013,fresh,DUC,
NS01-03,NS,1,3,Amherst Point,Chignecto-Tintamarre,Nova Scotia,Nova Scotia,NWA,45.78902,-64.25573,2013,fresh,DUC,
NS01-04,NS,1,4,Amherst Point,Chignecto-Tintamarre,Nova Scotia,Nova Scotia,NWA,45.78662,-64.25495,2013,fresh,DUC,
NS01-05,NS,1,5,Amherst Point,Chignecto-Tintamarre,Nova Scotia,Nova Scotia,NWA,45.78683,-64.25307,2013,fresh,DUC,
NS01-06,NS,1,6,Amherst Point,Chignecto-Tintamarre,Nova Scotia,Nova Scotia,NWA,45.78668,-64.24973,2013,fresh,DUC,
NS01-07,NS,1,7,Amherst Point,Chignecto-Tintamarre,Nova Scotia,Nova Scotia,NWA,45.7862,-64.2466,2013,fresh,DUC,
NS01-08,NS,1,8,Amherst Point,Chignecto-Tintamarre,Nova Scotia,Nova Scotia,NWA,45.78788,-64.24368,2013,fresh,DUC,
NS01-09,NS,1,9,Amherst Point,Chignecto-Tintamarre,Nova Scotia,Nova Scotia,NWA,45.7889,-64.24688,2013,fresh,DUC,
NS01-10,NS,1,10,Amherst Point,Chignecto-Tintamarre,Nova Scotia,Nova Scotia,NWA,45.79068,-64.24882,2013,fresh,DUC,
NS02-01,NS,2,1,East Amherst Marsh,Chignecto-Tintamarre,Nova Scotia,Nova Scotia,,45.85588,-64.18447,2013,fresh,DUC,
NS02-02,NS,2,2,East Amherst Marsh,Chignecto-Tintamarre,Nova Scotia,Nova Scotia,,45.85795,-64.18585,2013,fresh,DUC,
NS02-03,NS,2,3,East Amherst Marsh,Chignecto-Tintamarre,Nova Scotia,Nova Scotia,,45.86007,-64.18483,2013,fresh,DUC,
NS02-04,NS,2,4,East Amherst Marsh,Chignecto-Tintamarre,Nova Scotia,Nova Scotia,,45.862,-64.18172,2013,fresh,DUC,
NS02-05,NS,2,5,East Amherst Marsh,Chignecto-Tintamarre,Nova Scotia,Nova Scotia,,45.8636,-64.17957,2013,fresh,DUC,
NS02-06,NS,2,6,East Amherst Marsh,Chignecto-Tintamarre,Nova Scotia,Nova Scotia,,45.86607,-64.1803,2013,fresh,DUC,
NS02-07,NS,2,7,East Amherst Marsh,Chignecto-Tintamarre,Nova Scotia,Nova Scotia,,45.867252,-64.178538,2013,fresh,DUC,
NS02-08,NS,2,8,East Amherst Marsh,Chignecto-Tintamarre,Nova Scotia,Nova Scotia,,45.867,-64.176,2013,fresh,DUC,
NS02-09,NS,2,9,East Amherst Marsh,Chignecto-Tintamarre,Nova Scotia,Nova Scotia,,45.86787,-64.17277,2013,fresh,DUC,
NS02-10,NS,2,10,East Amherst Marsh,Chignecto-Tintamarre,Nova Scotia,Nova Scotia,,45.86965,-64.17062,2013,fresh,DUC,
PE03-01,PE,3,1,DeGros Marsh,PEI,PEI,PEI,,46.252177,-62.504193,2015,fresh,DUC,
PE03-02,PE,3,2,DeGros Marsh,PEI,PEI,PEI,,46.252034,-62.507836,2015,fresh,DUC,
PE03-03,PE,3,3,DeGros Marsh,PEI,PEI,PEI,,46.25177,-62.51026,2015,fresh,DUC,
PE03-04,PE,3,4,DeGros Marsh,PEI,PEI,PEI,,46.25417,-62.50877,2015,fresh,DUC,
PE03-05,PE,3,5,DeGros Marsh,PEI,PEI,PEI,,46.239834,-62.5091,2015,fresh,DUC,
PE03-06,PE,3,6,DeGros Marsh,PEI,PEI,PEI,,46.240043,-62.514165,2015,fresh,DUC,
PE05-01,PE,5,1,Dunk River,PEI,PEI,PEI,,46.35642,-63.702393,2015,coastal,UNKN,
PE05-02,PE,5,2,Dunk River,PEI,PEI,PEI,,46.35625,-63.6983,2015,coastal,UNKN,
PE05-03,PE,5,3,Dunk River,PEI,PEI,PEI,,46.3577,-63.6956,2015,coastal,UNKN,
PE05-04,PE,5,4,Dunk River,PEI,PEI,PEI,,46.3575,-63.6921,2015,coastal,UNKN,
PE05-05,PE,5,5,Dunk River,PEI,PEI,PEI,,46.35746,-63.68889,2015,coastal,UNKN,
PE05-06,PE,5,6,Dunk River,PEI,PEI,PEI,,46.35522,-63.68738,2015,coastal,UNKN,
PE05-07,PE,5,7,Dunk River,PEI,PEI,PEI,,46.35312,-63.6862,2015,coastal,UNKN,
PE07-01,PE,7,1,Portage,PEI,PEI,PEI,,46.664265,-64.05667,2015,fresh,DUC,
PE07-02,PE,7,2,Portage,PEI,PEI,PEI,,46.664126,-64.052915,2015,fresh,DUC,
PE07-03,PE,7,3,Portage,PEI,PEI,PEI,,46.664128,-64.049689,2015,forest,UNKN,
PE07-04,PE,7,4,Portage,PEI,PEI,PEI,,46.664055,-64.044821,2015,forest,UNKN,
PE07-05,PE,7,5,Portage,PEI,PEI,PEI,,46.6639,-64.03619,2015,forest,UNKN,
PE07-06,PE,7,6,Portage,PEI,PEI,PEI,,46.66383,-64.03026,2015,forest,UNKN,
PE07-07,PE,7,7,Portage,PEI,PEI,PEI,,46.65947,-64.0635,2015,forest,DUC,
PE07-08,PE,7,8,Portage,PEI,PEI,PEI,,46.65723,-64.06442,2015,forest,DUC,
PE07-09,PE,7,9,Portage,PEI,PEI,PEI,,46.654428,-64.06377,2015,forest,DUC,
PE10-01,PE,10,1,Indian River Pond,PEI,PEI,PEI,,46.459465,-63.672917,2015,fresh,DUC,
PE10-02,PE,10,2,Indian River Pond,PEI,PEI,PEI,,46.45856,-63.67085,2015,fresh,DUC,
PE10-03,PE,10,3,Indian River Pond,PEI,PEI,PEI,,46.459339,-63.668838,2015,fresh,DUC,
PE10-04,PE,10,4,Indian River Pond,PEI,PEI,PEI,,46.460807,-63.66689,2015,fresh,DUC,
PE10-05,PE,10,5,Indian River Pond,PEI,PEI,PEI,,46.46282,-63.66622,2015,fresh,DUC,
PE10-06,PE,10,6,Indian River Pond,PEI,PEI,PEI,,46.465252,-63.661228,2015,fresh,DUC,
PE10-07,PE,10,7,Indian River Pond,PEI,PEI,PEI,,46.465587,-63.665551,2015,fresh,DUC,
PE11-01,PE,11,1,Larkin's Pond,PEI,PEI,PEI,,46.431175,-62.420589,2015,fresh,DUC,
PE11-02,PE,11,2,Larkin's Pond,PEI,PEI,PEI,,46.429378,-62.419609,2015,fresh,DUC,
PE11-03,PE,11,3,Larkin's Pond,PEI,PEI,PEI,,46.427091,-62.418696,2015,fresh,DUC,
PE11-04,PE,11,4,Larkin's Pond,PEI,PEI,PEI,,46.427322,-62.421892,2015,fresh,DUC,
PE11-05,PE,11,5,Larkin's Pond,PEI,PEI,PEI,,46.42963,-62.423474,2015,fresh,DUC,
PE11-06,PE,11,6,Larkin's Pond,PEI,PEI,PEI,,46.42793,-62.426427,2015,fresh,DUC,
PE11-07,PE,11,7,Larkin's Pond,PEI,PEI,PEI,,46.423965,-62.428649,2015,fresh,DUC,
PE11-08,PE,11,8,Larkin's Pond,PEI,PEI,PEI,,46.421049,-62.430962,2015,fresh,DUC,
PE11-09,PE,11,9,Larkin's Pond,PEI,PEI,PEI,,46.419139,-62.427584,2015,fresh,DUC,
PE11-10,PE,11,10,Larkin's Pond,PEI,PEI,PEI,,46.417083,-62.426731,2015,fresh,DUC,
FW001-01,NS,1,1,Forested Wetland 1,,Nova Scotia,,,45.97617,-63.99934,2016,forest,UNKN,
FW001-02,NS,1,2,Forested Wetland 1,,Nova Scotia,,,45.9755,-63.9984,2016,forest,UNKN,
FW005-01,NS,5,1,Forested Wetland 5,,Nova Scotia,,,45.90401,-64.12266,2016,forest,UNKN,
FW005-02,NS,5,2,Forested Wetland 5,,Nova Scotia,,,45.90549,-64.12399,2016,forest,UNKN,
FW007-01,NS,7,1,Forested Wetland 7,,Nova Scotia,,,45.70414,-64.14294,2016,forest,UNKN,
FW008-01,NS,8,1,Forested Wetland 8,,Nova Scotia,,,45.62159,-64.54865,2016,forest,UNKN,
FW008-02,NS,8,2,Forested Wetland 8,,Nova Scotia,,,45.62111,-64.55115,2016,forest,UNKN,
FW012-01,NS,12,1,Forested Wetland 12,,Nova Scotia,,,45.6923,-64.18813,2016,forest,UNKN,
FW012-02,NS,12,2,Forested Wetland 12,,Nova Scotia,,,45.69185,-64.19116,2016,forest,UNKN,
FW020-01,NS,20,1,Forested Wetland 20,,Nova Scotia,,,45.58544,-64.35049,2016,forest,UNKN,
FW020-02,NS,20,2,Forested Wetland 20,,Nova Scotia,,,45.58472,-64.34832,2016,forest,UNKN,
FW023-01,NS,23,1,Forested Wetland 23,,Nova Scotia,,,45.54916,-64.63455,2016,forest,UNKN,
FW023-02,NS,23,2,Forested Wetland 23,,Nova Scotia,,,45.55072,-64.63324,2016,forest,UNKN,
FW025-01,NS,25,1,Forested Wetland 25,,Nova Scotia,,,45.84287,-63.86781,2016,forest,UNKN,
FW025-02,NS,25,2,Forested Wetland 25,,Nova Scotia,,,45.84428,-63.87032,2016,forest,UNKN,
FW027-01,NS,27,1,Forested Wetland 27,,Nova Scotia,,,45.93578,-64.09063,2016,forest,UNKN,
FW027-02,NS,27,2,Forested Wetland 27,,Nova Scotia,,,45.93633,-64.09314,2016,forest,UNKN,
FW029-01,NS,29,1,Forested Wetland 29,,Nova Scotia,,,45.55312,-64.35252,2016,forest,UNKN,
FW029-02,NS,29,2,Forested Wetland 29,,Nova Scotia,,,45.55094,-64.35341,2016,forest,UNKN,
FW030-01,NS,30,1,Forested Wetland 30,,Nova Scotia,,,45.57451,-64.26362,2016,forest,UNKN,
FW030-02,NS,30,2,Forested Wetland 30,,Nova Scotia,,,45.5756,-64.26313,2016,forest,UNKN,
FW032-01,NS,32,1,Forested Wetland 32,,Nova Scotia,,,45.65958,-64.1783,2016,forest,UNKN,
FW032-02,NS,32,2,Forested Wetland 32,,Nova Scotia,,,45.66126,-64.17718,2016,forest,UNKN,
FW036-01,NB,36,1,Forested Wetland 36,,Fundy Coastal,,,45.8172,-64.43998,2016,forest,UNKN,
FW036-02,NB,36,2,Forested Wetland 36,,Fundy Coastal,,,45.81573,-64.43845,2016,forest,UNKN,
FW066-01,NB,66,1,Forested Wetland 66,,Fundy Coastal,,,45.12801,-66.52372,2016,forest,UNKN,
FW067-02,NB,67,2,Forested Wetland 67,,Fundy Coastal,,,45.16436,-66.51055,2016,forest,UNKN,
FW045-01,NB,45,1,Forested Wetland 45,,Fundy Coastal,,,45.199377,-66.477105,2016,forest,UNKN,
FW045-02,NB,45,2,Forested Wetland 45,,Fundy Coastal,,,45.197655,-66.477949,2016,forest,UNKN,
FW067-01,NB,67,1,Forested Wetland 67,,Fundy Coastal,,,45.16606,-66.50967,2016,forest,UNKN,
FW049-01,NB,49,1,Forested Wetland 49,,Fundy Coastal,,,45.321921,-65.931823,2016,forest,UNKN,
FW050-01,NB,50,1,Forested Wetland 50,,Fundy Coastal,,,45.328333,-65.870756,2016,forest,UNKN,
FW050-02,NB,50,2,Forested Wetland 50,,Fundy Coastal,,,45.325931,-65.870269,2016,forest,UNKN,
FW070-01,NB,70,1,Forested Wetland 70,,Fundy Coastal,,,45.17263,-66.32552,2016,forest,UNKN,
FW047-01,NB,47,1,Forested Wetland 47,,Fundy Coastal,,,45.165664,-66.311135,2016,forest,UNKN,
FW054-01,NB,54,1,Forested Wetland 54,,Fundy Coastal,,,45.17605,-66.5511,2016,forest,UNKN,
FW054-02,NB,54,2,Forested Wetland 54,,Fundy Coastal,,,45.17491,-66.55331,2016,forest,UNKN,
FW064-01,NB,64,1,Forested Wetland 64,,Fundy Coastal,,,45.15525,-66.53255,2016,forest,UNKN,
FW064-02,NB,64,2,Forested Wetland 64,,Fundy Coastal,,,45.15361,-66.53154,2016,forest,UNKN,
FW052-01,NB,52,1,Forested Wetland 52,,Fundy Coastal,,,45.19832,-66.173064,2016,forest,UNKN,
FW066-02,NB,66,2,Forested Wetland 66,,Fundy Coastal,,,45.12883,-66.52145,2016,forest,UNKN,
FW052-02,NB,52,2,Forested Wetland 52,,Fundy Coastal,,,45.200058,-66.172354,2016,forest,UNKN,
FW29142-01,NB,29142,1,Forested Wetland 29142,,Eastern Lowlands,,,46.90741659,-64.90868811,2017,forest,UNKN,
FW062-020123,NB,62,20123,Forested Wetland 62,,Eastern Lowlands,,,46.12965251,-64.64650391,2017,forest,UNKN,
FW082-01,NB,82,1,Forested Wetland 82,,Fundy Coastal,,,45.82214,-64.49485,2016,forest,UNKN,
FW082-02,NB,82,2,Forested Wetland 82,,Fundy Coastal,,,45.8209,-64.49623,2016,forest,UNKN,
FW084-01,NB,84,1,Forested Wetland 84,,Fundy Coastal,,,45.299746,-66.000456,2016,forest,UNKN,
FW086-01,NB,86,1,Forested Wetland 86,,Fundy Coastal,,,45.265218,-65.903568,2016,forest,UNKN,
FW100-01,NB,100,1,Forested Wetland 100,,Fundy Coastal,,,45.198343,-66.472062,2016,forest,UNKN,
FW101-01,NB,101,1,Forested Wetland 101,,Fundy Coastal,,,45.84727,-64.41134,2016,forest,UNKN,
FW101-02,NB,101,2,Forested Wetland 101,,Fundy Coastal,,,45.84543,-64.41118,2016,forest,UNKN,
FW103-01,NB,103,1,Forested Wetland 103,,Fundy Coastal,,,45.17398,-66.45408,2016,forest,UNKN,
FW106-01,NB,106,1,Forested Wetland 106,,Fundy Coastal,,,45.259043,-65.876987,2016,forest,UNKN,
FW106-02,NB,106,2,Forested Wetland 106,,Fundy Coastal,,,45.252792,-65.88266,2016,forest,UNKN,
FW108-01,NB,108,1,Forested Wetland 108,,Fundy Coastal,,,45.264155,-65.885733,2016,forest,UNKN,
FW062-01,NB,62,1,Forested Wetland 62,,Eastern Lowlands,,,46.12855971,-64.64385926,2017,forest,UNKN,
FW20549M-01,NB,20549M,1,Forested Wetland 20549M,,Eastern Lowlands,,,46.16274,-64.48918,2017,forest,UNKN,
FW1021-01,NB,1021,1,Forested Wetland 1021,,Eastern Lowlands,,,46.20096418,-64.48285541,2017,forest,UNKN,
FW1021-02,NB,1021,2,Forested Wetland 1021,,Eastern Lowlands,,,46.20262001,-64.48047864,2017,forest,UNKN,
FW009-02,NB,9,2,Forested Wetland 009,,Eastern Lowlands,,,46.2045598,-64.45957334,2017,forest,UNKN,
FW009-01,NB,9,1,Forested Wetland 009,,Eastern Lowlands,,,46.20253762,-64.45798411,2017,forest,UNKN,
FW001-01,NB,1,1,Forested Wetland 001,,Grand Lake Lowlands,,,45.86528,-66.29858,2017,forest,UNKN,
FW240-02,NB,240,2,Forested Wetland 240,,Eastern Lowlands,,,45.85281717,-64.45748629,2017,forest,UNKN,
FW240-01,NB,240,1,Forested Wetland 240,,Eastern Lowlands,,,45.85498936,-64.4569367,2017,forest,UNKN,
FW970-01,NB,970,1,Forested Wetland 970,,Eastern Lowlands,,,46.00992778,-64.44685441,2017,forest,UNKN,
FW970-02,NB,970,2,Forested Wetland 970,,Eastern Lowlands,,,46.01071917,-64.4439114,2017,forest,UNKN,
FW103-02,NB,103,2,Forested Wetland 103,,Eastern Lowlands,,,46.08691033,-64.44352654,2017,forest,UNKN,
FW103-01,NB,103,1,Forested Wetland 103,,Eastern Lowlands,,,46.08566509,-64.44084803,2017,forest,UNKN,
FW075-01,NB,75,1,Forested Wetland 075,,Eastern Lowlands,,,46.07888558,-64.43079682,2017,forest,UNKN,
FW521-01,NB,521,1,Forested Wetland 521,,Eastern Lowlands,,,46.07758928,-64.42883254,2017,forest,UNKN,
FW075-02,NB,75,2,Forested Wetland 075,,Eastern Lowlands,,,46.0776115,-64.42789735,2017,forest,UNKN,
FW959-02,NB,959,2,Forested Wetland 959,,Eastern Lowlands,,,45.98581705,-64.42723417,2017,forest,UNKN,
FW15656-01,NB,15656,1,Forested Wetland 15656,,Grand Lake Lowlands,,,45.76654036,-66.12429045,2017,forest,UNKN,
FW521-02,NB,521,2,Forested Wetland 521,,Eastern Lowlands,,,46.07285617,-64.42692336,2017,forest,UNKN,
FW959-01,NB,959,1,Forested Wetland 959,,Eastern Lowlands,,,45.98283,-64.42579,2017,forest,UNKN,
FW043-01,NB,43,1,Forested Wetland 43,,Eastern Lowlands,,,46.07997,-64.41737,2016,forest,UNKN,
FW043-02,NB,43,2,Forested Wetland 43,,Eastern Lowlands,,,46.08171,-64.41685,2016,forest,UNKN,
FW735-01,NB,735,1,Forested Wetland 735,,Eastern Lowlands,,,45.99613714,-64.37844303,2017,forest,UNKN,
FW735-02,NB,735,2,Forested Wetland 735,,Eastern Lowlands,,,45.9977,-64.377,2017,forest,UNKN,
FW973-01,NB,973,1,Forested Wetland 973,,Eastern Lowlands,,,45.99231,-64.35196,2017,forest,UNKN,
FW973-02,NB,973,2,Forested Wetland 973,,Eastern Lowlands,,,45.99445,-64.34991,2017,forest,UNKN,
FW144-01,NB,144,1,Forested Wetland 144,,Eastern Lowlands,,,45.969301,-64.28017,2016,forest,DUC,
FW273-01,NB,273,1,Forested Wetland 273,,Fundy Coastal,,,45.81034206,-64.4272434,2017,forest,UNKN,
FW144-02,NB,144,2,Forested Wetland 144,,Eastern Lowlands,,,45.97115,-64.28009,2016,forest,UNKN,
FW617-01,NB,617,1,Forested Wetland 617,,Eastern Lowlands,,,46.07766583,-64.27305352,2017,forest,UNKN,
FW617-02,NB,617,2,Forested Wetland 617,,Eastern Lowlands,,,46.07603487,-64.27085056,2017,forest,UNKN,
FW579-01,NB,579,1,Forested Wetland 579,,Fundy Coastal,,,45.78104214,-64.50552322,2017,forest,UNKN,
FW579-02,NB,579,2,Forested Wetland 579,,Fundy Coastal,,,45.77869531,-64.50615151,2017,forest,UNKN,
FW128-01,NB,128,1,Forested Wetland 128,,Eastern Lowlands,,,45.90054,-64.25155,2016,forest,DUC,
FW128-02,NB,128,2,Forested Wetland 128,,Eastern Lowlands,,,45.90172,-64.25011,2016,forest,UNKN,
FW116-01,NB,116,1,Forested Wetland 116,,Eastern Lowlands,,,45.89984,-64.24836,2016,forest,UNKN,
FW116-02,NB,116,2,Forested Wetland 116,,Eastern Lowlands,,,45.89813,-64.24669,2016,forest,UNKN,
FW792-02,NB,792,2,Forested Wetland 792,,Eastern Lowlands,,,46.0818015,-64.24247772,2017,forest,UNKN,
FW792-01,NB,792,1,Forested Wetland 792,,Eastern Lowlands,,,46.07981902,-64.24106882,2017,forest,UNKN,
FW19719-01,NB,19719,1,Forested Wetland 19719,,Eastern Lowlands,,,46.08619948,-64.2341161,2017,forest,UNKN,
FW257-02,NB,257,2,Forested Wetland 257,,Eastern Lowlands,,,46.13814894,-64.10563158,2017,forest,UNKN,
FW20354-01,NB,20354,1,Forested Wetland 20354,,Eastern Lowlands,,,46.1375023,-64.10255028,2017,forest,UNKN,
FW257-01,NB,257,1,Forested Wetland 257,,Eastern Lowlands,,,46.13839236,-64.09972657,2017,forest,UNKN,
FW19305-01,NB,19305,1,Forested Wetland 19305,,Eastern Lowlands,,,46.04704345,-64.08063258,2017,forest,UNKN,
FW775-02,NB,775,2,Forested Wetland 775,,Eastern Lowlands,,,46.12901924,-64.07573597,2017,forest,UNKN,
FW775-01,NB,775,1,Forested Wetland 775,,Eastern Lowlands,,,46.13115696,-64.07472629,2017,forest,UNKN,
FW20357-01,NB,20357,1,Forested Wetland 20357,,Eastern Lowlands,,,46.13584278,-64.02495028,2017,forest,UNKN,
FW003-01,NS,3,1,Forested Wetland 003,,Nova Scotia,,,45.93612268,-64.08743799,2017,forest,UNKN,
FW003-02,NS,3,2,Forested Wetland 003,,Nova Scotia,,,45.93588083,-64.08425089,2017,forest,UNKN,
FW004-01,NS,4,1,Forested Wetland 004,,Nova Scotia,,,45.93800493,-64.09027197,2017,forest,UNKN,
FW014-01,NS,14,1,Forested Wetland 014,,Nova Scotia,,,45.50309837,-64.35605697,2017,forest,UNKN,
FW014-02,NS,14,2,Forested Wetland 014,,Nova Scotia,,,45.50205276,-64.35324354,2017,forest,UNKN,
FW016-01,NS,16,1,Forested Wetland 016,,Nova Scotia,,,45.93863291,-64.09336987,2017,forest,UNKN,
FW016-02,NS,16,2,Forested Wetland 016,,Nova Scotia,,,45.93934157,-64.09642133,2017,forest,UNKN,
FW018-01,NS,18,1,Forested Wetland 018,,Nova Scotia,,,45.875479,-64.008181,2017,forest,UNKN,
FW018-02,NS,18,2,Forested Wetland 018,,Nova Scotia,,,45.87613844,-64.01179959,2017,forest,UNKN,
FW019-01,NS,19,1,Forested Wetland 019,,Nova Scotia,,,45.702183,-64.021653,2017,forest,UNKN,
FW019-02,NS,19,2,Forested Wetland 019,,Nova Scotia,,,45.700336,-64.023537,2017,forest,UNKN,
FW031-01,NS,31,1,Forested Wetland 031,,Nova Scotia,,,45.90987827,-63.98278647,2017,forest,UNKN,
FW031-02,NS,31,2,Forested Wetland 031,,Nova Scotia,,,45.908085,-63.981832,2017,forest,UNKN,
FW033-01,NS,33,1,Forested Wetland 033,,Nova Scotia,,,45.53384848,-64.34448721,2017,forest,UNKN,
FW033-02,NS,33,2,Forested Wetland 033,,Nova Scotia,,,45.53444859,-64.3414001,2017,forest,UNKN,
FW080-01,PE,80,1,Forested Wetland 080,,PEI,,,46.31483205,-63.69014364,2017,forest,UNKN,
FW1463-01,PE,1463,1,Forested Wetland 1463,,PEI,,,46.31145789,-63.67672252,2017,forest,UNKN,
FW196-01,PE,196,1,Forested Wetland 196,,PEI,,,46.4558527,-63.67251688,2017,forest,UNKN,
FW613-01,PE,613,1,Forested Wetland 613,,PEI,,,46.66605722,-64.1078003,2017,forest,UNKN,
FW613-02,PE,613,2,Forested Wetland 613,,PEI,,,46.66537801,-64.11313973,2017,forest,UNKN,
FW678-01,PE,678,1,Forested Wetland 678,,PEI,,,46.66573165,-64.0957027,2017,forest,UNKN,
FW040-01,NB,40,1,Forested Wetland 040,,Eastern Lowlands,,,46.82136,-64.91818,2018,forest,UNKN,
FW040-02,NB,40,2,Forested Wetland 040,,Eastern Lowlands,,,46.82262,-64.9146,2018,forest,UNKN,
FW082-01,NB,82,1,Forested Wetland 082,,Eastern Lowlands,,,45.96681,-64.27685,2018,forest,UNKN,
FW434-01,NB,434,1,Forested Wetland 434,,Eastern Lowlands,,,45.97,-64.31559,2018,forest,UNKN,
FW434-02,NB,434,2,Forested Wetland 434,,Eastern Lowlands,,,45.96889,-64.31859,2018,forest,UNKN,
FW607-01,NB,607,1,Forested Wetland 607,,Eastern Lowlands,,,46.81446,-64.95073,2018,forest,UNKN,
FW607-02,NB,607,2,Forested Wetland 607,,Eastern Lowlands,,,46.811,-64.95839,2018,forest,UNKN,
FW684-01,NB,684,1,Forested Wetland 684,,Eastern Lowlands,,,45.96919,-64.27055,2018,forest,UNKN,
FW684-02,NB,684,2,Forested Wetland 684,,Eastern Lowlands,,,45.96675,-64.27394,2018,forest,UNKN,
OP002-01,NB,2,1,Open Peatland 002,,Eastern Lowlands,,,46.80887,-64.94995,2018,forest,UNKN,
OP002-02,NB,2,2,Open Peatland 002,,Eastern Lowlands,,,46.81204,-64.95041,2018,forest,UNKN,
NBSV-01,NB,SV,1,Sunset Valley,,Fundy Coastal,,,45.386855,-66.276566,2018,fresh,UNKN,
NBSV-03,NB,SV,3,Sunset Valley,,Fundy Coastal,,,45.384475,-66.271696,2018,fresh,UNKN,
NBSV-04,NB,SV,4,Sunset Valley,,Fundy Coastal,,,45.386639,-66.2729751,2018,fresh,UNKN,
NBSV-05,NB,SV,5,Sunset Valley,,Fundy Coastal,,,45.388912,-66.273545,2018,fresh,UNKN,
NBSV-06,NB,SV,6,Sunset Valley,,Fundy Coastal,,,45.393615,-66.266354,2018,fresh,UNKN,
NBSV-07,NB,SV,7,Sunset Valley,,Fundy Coastal,,,45.390661,-66.263809,2018,fresh,UNKN,
NBLE-01,NB,LE,1,Lincoln Elementry,,Grand Lake Lowlands,,,45.88179,-66.53714,2018,fresh,UNKN,
NBLE-02,NB,LE,2,Lincoln Elementry,,Grand Lake Lowlands,,,45.88339,-66.5359,2018,fresh,UNKN,
NBLE-03,NB,LE,3,Lincoln Elementry,,Grand Lake Lowlands,,,45.88881,-66.54618,2018,fresh,UNKN,
NBSR-01,NB,SR,1,Fundy - South,Fundy Coastal,Fundy,,,45.228307,-66.133052,2018,coastal,NTNB,
NBSR-02,NB,SR,2,Fundy - South,Fundy Coastal,Fundy,,,45.22615,-66.131052,2018,coastal,NTNB,
NBSR-03,NB,SR,3,Fundy - South,Fundy Coastal,Fundy,,,45.228074,-66.129185,2018,coastal,NTNB,
NBSR-04,NB,SR,4,Fundy - South,Fundy Coastal,Fundy,,,45.223195,-66.139087,2018,coastal,NTNB,
NBSR-05,NB,SR,5,Fundy - South,Fundy Coastal,Fundy,,,45.222465,-66.135466,2018,coastal,NTNB,
